name,comment
纯味斑鱼府(宝山店),1742
这一锅,4278
蜀大侠火锅(东建路店),1343
旬野菜日本料理和牛寿喜锅专门店(浦东店),602
重庆高老九火锅(大世界店),25837
渝利火锅(城开YOYO店),428
纯味斑鱼府(静安店),3546
裕华東發.火锅酒楼,2060
小肥羊(光启城时尚购物中心店),4308
囍凤楼(万象城店),2248
薪火重庆本味火锅,128
红辣椒(杨浦店),23214
蜀大侠(江宁路店),1529
韩国街小木屋한국포장마차,573
蜀城巷子老成都火锅(宜山路店),545
黄门老灶火锅,1002
重庆高老九火锅(普陀环球港店),1018
圈儿潮汕牛肉火锅,1955
红魔重庆美蛙火锅(静安大融城店),1409
玲姐·海鲜火锅,18
海底捞火锅(龙盛广场店),528
红魔重庆美蛙火锅(浦东置汇旭辉广场店),732
青岛1903,131
红辣椒(徐汇店),21438
Mo·Mo牧场(大悦城店),8314
红魔重庆美蛙火锅(宏伊国际广场店),145
海底捞火锅(绚荟城店),166
重庆高老九火锅(南京东路店),14285
大渝火锅(长宁来福士店),2216
红辣椒(张杨路店),25612
谭鸭血老火锅(环球港店),2099
捞王·赤鼎台式麻辣火锅,2715
真鲜围煮,901
海底捞火锅(高科东路店),397
坎爷秘制火锅(陆家嘴店),3572
南门涮肉(世博源店),3404
海底捞火锅(莘松路店),214
南门涮肉(世博大道总店),10873
蜀大侠火锅(四川北路店),1202
潮香牛宴潮汕鲜牛肉火锅(飞洲国际广场店),7506
行家海鲜火锅酒家,492
红魔重庆美蛙火锅(成山巴黎春天店),1008
凯达石斑鱼打边炉(长寿路店),6247
海底捞火锅(三德广场店),138
牛New寿喜烧(徐汇店),12623
京炉·北京烤鸭火锅(大宁音乐广场店),846
那都不是锅港式打边炉(金桥店),1925
鼎王无老锅(静安店),6377
季悦火锅(锦江店),1010
纯味斑鱼府(浦东店),8767
蜀大侠火锅(城市新汇广场店),4573
逸春园海鲜酒家·港式点心火锅(长宁来福士店),869
哥老官重庆美蛙鱼头(沪太路大融城店),1712
尽膳口福跷脚牛肉(新天地店),232
南门涮肉(中山公园店),910
哥老官重庆美蛙鱼头(莘庄龙之梦八哥店),8757
鼎王无老锅(黄金城道店),5841
哥老官重庆美蛙鱼头(虹口龙之梦五哥店),22157
就是泰Just Thai泰式火锅(长寿路店),6975
御品港式肥牛海鲜火锅(虹桥店),170
上房火鍋(嘉定现厂店),50
捞王锅物料理(BFC外滩金融中心店),177
红魔重庆美蛙火锅(宝山龙湖天街店),545
幻幻锅物(南京西路店),167
鼎王无老锅(茂名北路店),1655
哥老官重庆美蛙鱼头(96广场店),14520
那都不是锅港式打边炉(嘉定店),517
哥老官重庆美蛙鱼头(中环百联十五哥店),3122
哥老官重庆美蛙鱼头(滨江百联十二哥店),2863
海底捞火锅(龙茗路店),4359
南门涮肉(城隍庙店),678
海底捞火锅(张杨路店),14586
海底捞火锅(张杨路店),14586
洪太极热气羊肉羊蝎子火锅(徐汇店),2265
捞王锅物料理(虹口龙之梦店),228
正國老火锅(魔都直营店),197
海底捞火锅(118广场店),2337
海底捞火锅(中信泰富万达广场店),350
海底捞火锅(长寿路店),14442
哥老官重庆美蛙鱼头(日月光店),30234
就是泰Just Thai泰式火锅(打浦桥日月光店),2850
哥老官重庆美蛙鱼头(文峰广场十三哥店),3655
海底捞火锅(沪太路店),6226
海底捞火锅(江桥万达店),2697
蜀大侠火锅(人民广场店),3319
就是泰Just Thai泰式火锅(金陵东路店),25990
今日牛事潮汕鲜牛肉火锅(静安寺店),4875
楼上火锅(南汇路店),3389
哥老官重庆美蛙鱼头(人民广场店),30514
就是泰Just Thai 泰式火锅(虹桥南丰城店),1806
就是泰Just Thai泰式火锅(张杨店),518
左庭右院鲜牛肉火锅(联洋广场店),41
煲宫(月星环球港店),1805
洋房火锅(新天地店),4153
海底捞火锅(漕宝路店),851
山海精蟹粉火锅,726
海底捞火锅(青浦宝龙店),281
鼎王无老锅(衡山路店),10166
海底捞火锅(逸仙路店),8569
海底捞火锅(吴中路店),18214
香满楼 海鲜肥牛火锅,49
辣府肉铺圌·牛排火锅(嘉善路店),148
红魔重庆美蛙火锅(特力时尚汇店),1789
哥老官重庆美蛙鱼头(周浦万达十四哥店),3017
海底捞火锅(静安大融城店),903
湊湊火锅·茶憩(百联南方店),1748
满园火锅,396
一炉小凤鲜炭炉火锅(茅台路店),663
爱上六头鲍港式打边炉,1267
海底捞火锅(百盛购物中心店),1261
海底捞火锅(新松江城店),2101
协乐海鲜火锅,55
大龙燚火锅(天钥桥路店),153
绝代芳华,568
上上谦串串香火锅(徐汇旗舰店),6740
尚海豆捞(乐虹坊店),249
海底捞火锅(巴黎春天浦建店),5046
街儿巷小郡肝串串香火锅(人民广场店),423
爸爸炒料牛排老火锅(淮海路旗舰店),192
捞王锅物料理(世茂广场店),1006
八万羊蝎子铜锅涮羊肉,287
上上谦串串香火锅(新梅联合广场店),41585
楼上火锅(茂名南路店),5960
海底捞火锅(第一百货店),6860
香港柒胜海鲜火锅酒家(联洋店),455
大龙燚火锅(长寿店),4649
熊猫老灶火锅(延安西路店),10178
海底捞火锅(华山路店),9626
海底捞火锅(五角场店),176
锅太泰泰式火锅餐厅,2613
左庭右院鲜牛肉火锅(环球港店),7123
吴老幺火锅(静安店),59
楼上荟馆(静安嘉里中心店),386
海底捞火锅(打浦路店),12277
宴羊集市火锅,4398
曹疯子老火锅,15
汤呈逸品(新天地店),702
上房火鍋(新天地店),666
最伙Hot Pot(嘉廷酒店店),663
海底捞火锅(北京西路店),9855
囍蔻港式点心火锅,951
捞王锅物料理(五角场店),1685
捞王锅物料理(虹桥天地店),4126
上上谦串串香火锅(虹口龙之梦店),35468
上房火鍋(外滩店),245
上房火鍋(建業里店),1502
百味记小郡肝·林蛙鱼火锅串串香(松江旗舰店),481
那都不是锅港式打边炉(中山公园店),772
潮界(绿地缤纷城店),3297
臙脂火锅(新天地店),362
海底捞火锅(控江路店),148
坎爷火锅(来福士店),121
海底捞火锅(大华店),2600
熊猫老灶火锅(北外滩·白玉兰广场店),555
蜀大侠火锅(城市新汇广场店),4573
奇门涮肉(南京西路店),1586
辣府肉铺圌·牛排火锅,848
傲徕轩·海鲜火锅(丰尚国际店),144
高兴一锅·石斑鱼海鲜火锅(中兴店),1839
筑间幸福锅物(长寿路店),721
牛new寿喜烧(南京东路步行街店),6637
蜀大侠火锅(松江店),748
蜀今朝火锅,336
欲之宴·香焰黑椒牛肉锅,225
左庭右院鲜牛肉火锅(金桥国际店),4504
海底捞火锅(中山中路店),215
哥老官重庆美蛙鱼头(长宁龙之梦店),14033
红魔重庆美蛙火锅(百联世纪店),1815
捞王锅物料理(缤谷文化休闲广场店),3517
鸿福海鲜四季火锅,47
左庭右院鲜牛肉火锅(三林印象城店),639
左庭右院鲜牛肉火锅(汇智广场店),1046
御馆,438
香港鲜入围煮,120
捞王锅物料理(金桥国际店),1230
海底捞火锅(海宁路店),10169
舞渔日料美人胶原锅(中山公园龙之梦店),3088
蜀汉大渔·鱼头肥肠火锅(国权东路店),891
左庭右院鲜牛肉火锅(宝山万达店),772
左庭右院鲜牛肉火锅(大宁国际店),929
捞王锅物料理(凯德晶萃店),560
蜀大侠火锅(长寿路店),800
锅季-捞王旗下小火锅,2456
钢管厂五区小郡肝串串香火锅(上海旗舰店),436
蜀大侠火锅(田林路店),2025
红魔重庆美蛙火锅(宝山万达店),2492
捞王锅物料理(巴黎春天淮海店),4788
炉得香烤鸭火锅(龙茗路店),1958
捞王锅物料理(长寿路店),9135
舞渔日料美人胶原锅(太平洋店),6481
左庭右院鲜牛肉火锅(第一百货店),1428
哥老官重庆美蛙鱼头(五角场合生汇店),16391
左庭右院鲜牛肉火锅(虹口龙之梦店),2357
红魔重庆美蛙火锅(环球港店),7491
宙司汇英式宫廷Hotpot&Dessert(香港直營店),13
电台巷火锅(魔都直营店),1438
左庭右院鲜牛肉火锅(宝山万达店),772
左庭右院鲜牛肉火锅(漕宝路日月光店),1516
左庭右院鲜牛肉火锅(七宝万科店),2300
熊猫老灶火锅(北外滩·白玉兰广场店),555
海底捞火锅(大融城店),998
重庆高老九火锅(普陀环球港店),1018
蜀汉大渔·鱼头肥肠火锅(国权东路店),891
辣府肉铺圌·牛排火锅,848
富公馆火锅,169
九鼎轩脆毛肚火锅(南京东路店),4643
一緒に寿喜烧,190
重庆高老九火锅(静安大融城店),840
平谷屋日料,241
左庭右院鲜牛肉火锅(仲盛世界商城店),676
捞王锅物料理(近铁城市广场店),4807
捞王锅物料理(浦东置汇旭辉广场店),373
红辣椒(安信商业广场店),2169
小三宝火锅(虹口店),5956
湊湊火锅·茶憩(合生汇店),1517
京炉·北京烤鸭火锅(长寿店),1516
蜀大侠火锅(长寿路店),800
洋房火锅(岳阳路店),1816
幻幻锅物(天钥桥路店),549
鸠鹚古镇老火锅,517
红魔重庆美蛙火锅(大宁国际店),436
捞王锅物料理(凯旋路店),1201
姥佛爷火锅,1379
九鼎轩脆毛肚火锅(打浦路店),5761
捞王锅物料理(龙湖天街店),832
哥老官重庆美蛙鱼头(松江地中海十八哥店),1599
左庭右院鲜牛肉火锅(百联川沙店),1518
御花园环岛（香港）海鲜火锅,545
壹小馆·皇城老妈小火锅(香港广场店),2743
汕头八合里海记牛肉店(中山公园店),2468
大自然醉鹅·铁锅火焰鹅,374
傲徕轩·海鲜火锅(丰尚国际店),144
老高家热气涮羊肉&蚝红天虾(上南店),3428
四川香天下火锅(宝山万达店),873
一间房茶庄,162
重庆高老九火锅(徐家汇店),13278
煲宫(悦荟广场店),1362
捞王锅物料理(协信店),5430
渝利火锅(长泰广场店),10641
羊大爷涮肉(静安店),1652
重庆高老九火锅(汇智国际商业中心店),4656
如一鸡鲍鱼(合生汇店),132
茸梅路右拐·涮肉,457
肥叔打边炉·碳火鲜食,1013
藻想鱼见你∙斑鱼火锅(百联又一城店),1846
港氽港式海鲜火锅,16
哥老官重庆美蛙鱼头(定西路店),10402
香港柒胜海鲜火锅酒家(联洋店),455
聚酒锅(金虹桥国际中心店),1317
渝江记忆老重庆火锅(徐家汇店),153
凯达石斑鱼打边炉(龙湖虹桥天街店),1540
左庭右院鲜牛肉火锅(虹桥龙湖天街店),1271
黄门老灶火锅,1002
大渝火锅(仲盛商城店),3347
香港半岛湾海鲜火锅酒楼,192
春熙小串仙火锅,597
左庭右院鲜牛肉火锅(星游城店),846
重庆高老九火锅(北洋泾旭辉广场店),495
邂逅丽江·鲜货斑鱼府(人民广场店),7851
一炉小凤鲜炭炉火锅(长寿路店),934
重庆高老九火锅(中庚城店),464
捞王锅物料理(浦东昌里店),1653
好酒好菜吃鸡公司,377
湊湊火锅·茶憩(长风大悦城店 ),1365
泓泰河豚料理海鲜火锅,63
捞王锅物料理(莘庄仲盛店),5920
九鼎轩脆毛肚火锅(龙州路店),240
小辉辉涮肉,630
哥老官重庆美蛙鱼头(胜辛万达广场店),179
青花椒砂锅鱼(龙之梦购物中心店),6703
吾小九金汤芋儿鸡火锅(189广场店),162
錦成巷,1281
田园山礼海南椰子鸡,1757
蜀大侠火锅(松江店),748
煲宫(三林金谊店),305
南门涮肉(城隍庙店),678
壹品锅港式炭火打边炉(凉城店),372
左庭右院鲜牛肉火锅(宝地广场店),901
凯达石斑鱼打边炉(证大喜马拉雅店),1381
嗨锅(徐汇日月光店),678
涮福记(世纪汇店),597
湯季锅物料理(光启城店),1399
湊湊火锅·茶憩(静安晶品店),5250
左庭右院鲜牛肉火锅(五角场特力屋店),6176
23度不太冷椰子鸡火锅,1530
捞王锅物料理(中原城市广场店),8136
上上谦串串香火锅(龙之梦长宁店),23102
重庆高老九火锅(爱琴海购物公园店),1084
麻十七重庆老麻火锅(三林印象城店),379
重庆袁老四老火锅,557
重庆高老九火锅(松江万达广场店),1398
季悦火锅(香港广场店),3871
焱泉重庆火锅,167
京炉·北京烤鸭火锅(日月光店),1806
煲宫(七宝万科广场店),2148
重庆高老九火锅(打浦桥店),7843
重庆高老九火锅(金杨第一商城店),215
捞王锅物料理(米岛店),4601
哈尼石锅鱼(长宁来福士店),673
名将法式铁板烧,19
重庆高老九火锅(新大陆店),109
介家有料串串香(巴黎春天天山店),4375
韩式年糕火锅,14
今日牛事潮汕鲜牛肉火锅(瑞金店),3442
左庭右院鲜牛肉火锅(周浦万达店),1838
左庭右院鲜牛肉火锅(嘉定万达店),499
豆捞坊·胶原花胶火锅(万达广场宝山店),7950
777排档火锅·鸿馆,836
重庆高老九火锅(宝山宝乐汇店),1282
串江湖鲜货串串香火锅(东昌路店),884
湊湊火锅·茶憩(打浦桥日月光店),2077
左庭右院鲜牛肉火锅(百联嘉定店),1067
协乐海鲜火锅,55
湊湊火锅·茶憩(来福士广场长宁店),6618
重庆高老九火锅(龙湖天街店),955
大签门牛肉火锅串串(定西路店),1310
蛙来哒炭烧牛蛙(打浦桥日月光店),710
囍凤楼(长寿路店),151
這一小锅(日月光店),63
捞王锅物料理(开元地中海店),401
月光下的毡房 牛羊滋补火锅(中谊路店),929
牧羊庄烤全羊神农牧羊(嘉定店),253
如一鸡鲍鱼(长泰广场店),223
麻十七重庆老麻火锅(金桥店),738
狠牛火锅料理(万达广场总店),6199
九鼎轩脆毛肚火锅(五角场店),965
花马天堂古道火锅,55
那年那班串串香火锅(金桥店),612
嗨锅(悠方广场店),1323
嗨锅(梅川路总店),16442
捞王锅物料理(瑞虹天地月亮湾店),2359
CHAO桥锅,953
今日牛事潮汕鲜牛肉火锅(徐汇总店),8225
捞王锅物料理(吴中路店),4568
豆捞坊·胶原花胶火锅(汇金百货店),2375
潮界(IMAGO我格广场店),1649
捞王锅物料理(联洋广场店),4891
左庭右院鲜牛肉火锅(宝山龙湖天街店),698
海鲨湾(顺恒国际商业广场店),982
京炉·北京烤鸭火锅(古美店),2496
青花椒砂锅鱼(打浦桥日月光店),5065
仙后粤菜·港式火锅,330
亦锅亦笼塔吉锅料理,3030
傣妹火锅(淮海路店),198
湊湊火锅·茶憩(港汇恒隆店),1366
虾搞搞·港式火锅餐厅(小木桥路店),554
渝利火锅(打浦日月光店),937
左庭右院鲜牛肉火锅(南丰城店),4459
左庭右院鲜牛肉火锅(新梅广场店),3799
月光下的毡房 牛羊滋补火锅(龙茗路店),1427
捞王锅物料理(平利路店),9061
花禾牛,184
上街围炉港式点心海鲜火锅,358
红料理|串串有瘾(大华店),146
煲宫(人广新世界店),1934
左庭右院鲜牛肉火锅(南方商城店),3437
左庭右院鲜牛肉火锅(爱琴海公园店),799
三人行骨头王火锅(嘉定店),86
山枝鲜·生态火锅(虹桥天地店),787
湊湊火锅•茶憩(巴黎春天店),629
香港柒胜海鲜火锅酒家(虹桥万豪店),289
九鼎轩 脆毛肚火锅(淮海中路店),3721
今日牛事潮汕鲜牛肉火锅(虹井路店),2015
年糕李(静安店),2002
鱻 Xian,1901
红魔重庆美蛙火锅(嘉亭荟城市生活广场店),232
雞棧(玫瑰坊店),1373
九鼎轩脆毛肚火锅(长寿路店),959
齐民市集(芮欧百货店),5429
Mo-Mo牧场(陕南牧场),13186
甘草潮菜馆(海宁路店),3037
谭鸭血老火锅(世纪汇店),2935
常赢三兄弟涮肉(崂山路店),768
左庭右院鲜牛肉火锅(江桥万达店),58
今日牛事潮汕鲜牛肉火锅(五角场店),3281
辛元鲜牛肉火锅,5413
豆捞坊·胶原花胶火锅(宝乐汇店),1995
墨邸养生火锅,179
呷哺呷哺(白玉兰广场店),132
红料理|串串有瘾(万航渡路店),6227
山屿海港式海鲜火锅,67
九鼎轩脆毛肚火锅(三钢里店),2275
酒玥火锅,295
嗨锅(宝山万达店),10604
熬八年台湾火锅(大悦城店),450
那都不是锅港式打边炉(世纪大道店),152
左庭右院鲜牛肉火锅(百联中环店),1424
左庭右院鲜牛肉火锅(颛桥万达店),883
那都不是锅港式打边炉(呼玛店),296
渝利火锅(大宁国际店),1497
九鼎轩脆毛肚火锅(虹梅路店),1315
坎爷秘制火锅(淮海东路店),3323
宝燕海货工场·蒸汽海鲜加工(大宁店),1743
耍串·川味小食研究所(白玉兰广场店),109
找到牛日式放题火锅,121
珍焰港式私房火锅,489
蜀中状元府火锅,130
蜀火火锅(江文路店),437
魔都川西坝子火锅餐厅(八佰伴店),335
捞王锅物料理(维璟广场店),1005
十六道牛味潮汕牛肉火锅(七宝店),3271
佐冷馋·串串里(成都南路直营店),305
哈尼石锅鱼(南方商城店),66
焱揽香,98
炉火传奇鲜菌牛腩火锅(松江万达店),893
凯达石斑鱼打边炉(打浦路缤纷城店),2242
京锅屋 たか木,325
大龙燚火锅(五角场万达店),415
哈尼石锅鱼(金虹桥国际中心店),4051
泽成羊(亿丰时代广场店),103
楽牛·精品牛排火锅(新天地店),62
君来顺老北京四季火锅涮肉(程家桥路店),277
三太子涮肉,1065
Yasmine’s 茉莉火锅(襄阳店),47
哥老官重庆美蛙鱼头(昌里路十哥店),6197
爽爆美蛙鱼头火锅(绿地缤纷城店),1668
青花椒砂锅鱼(凯德七宝购物广场店),8204
熬八年台湾火锅(南京西路店),2155
泰灵艳泰式火锅料理,1781
椰子不语(凯德晶萃店),517
怀捞主题牛鲜料理火锅,623
红辣椒(月浦店),3800
哥老官重庆美蛙鱼头(奉贤宝龙二十一哥店),809
左庭右院鲜牛肉火锅(开元地中海店),840
青花椒砂锅鱼(三钢里店),16480
重庆高老九火锅(徐泾店),931
活虾堂老北京羊蝎子涮肉(江桥万达店),152
蜀大侠火锅(天山店),4276
极极骨头煲火锅,303
煲宫(中庚漫游城店),206
京炉·北京烤鸭火锅(第一百货店),1527
青花椒砂锅鱼(南丰城店),2229
谭鸭血老火锅(环球港店),2099
左庭右院鲜牛肉火锅(百联南桥店),515
嗨锅(淮海中路店),3385
洪太极热气羊肉羊蝎子火锅(普陀店),5498
嗨锅(浦东新大陆广场店),6451
蜀城巷子老成都火锅(控江店),3763
豆捞坊·胶原花胶火锅(金桥店),10312
煲宫(打浦桥店),3744
云情鱼意云南蒸汽石锅鱼(文峰广场店),588
红料理|串串有瘾(天山店),2245
左庭右院鲜牛肉火锅(百联西郊店),133
马路边边串串香火锅(昌平路店),342
觅香·老成都串串香,101
蟹逅港式海鲜火锅,57
捞王锅物料理(莘庄龙之梦购物中心店),5025
捞王锅物料理(中冶祥腾城市广场店),5197
大渝火锅(合生汇店),8856
蜀二爷·牛排火锅,1210
煲宫(新邻生活广场店),3973
凯达石斑鱼打边炉(中环百联店),850
季悦火锅(虹桥迎宾馆店),688
红料理|串串有瘾(淮海西路店),368
谭鸭血老火锅(虹口足球场店),1874
二門市·市井火锅,1697
筑间幸福锅物(塞纳左岸店),942
马路边边串串香火锅,1325
牛小嫩串串香火锅,731
大鹅·鲜鹅火锅(宝山万达店),767
一心牛寿喜锅&涮涮锅(日月光广场店),3385
鼎尊锅物料理(斜土路店),2314
亿鼎烩猪肚鸡火锅(松江店),1234
熬八年台湾火锅(大宁国际店),851
新万先(星星堂店),141
京炉·北京烤鸭火锅(嘉定店),715
红魔重庆美蛙火锅(松江万达店),207
炉得香双层烤鸭火锅(嘉定乐购店),1623
炉得香双层烤鸭火锅(人民广场店),1682
蛙来哒炭烧牛蛙(长泰广场店),602
火鸳鸯YUANYANG,18
渝利火锅(维璟广场店),1282
心上签·火锅串串专门店,503
锅涨涨港式打边炉(川沙旗舰店),202
捞王锅物料理(龙茗路店),7196
湊湊火锅·茶憩(虹口月亮湾店),2000
Mo·Mo牧场(长泰广场店),6664
集渔·泰式海鲜火锅(中信泰富新城万达店),487
九牛二炉潮汕鲜牛肉火锅(昌平店),4765
四川香天下火锅(五角场店),16538
钱家·乔老爷铜锅涮肉(新大陆广场店),376
嗨锅(虹桥天地店),1578
王宝和大酒店,1504
辉哥海鲜火锅(洛克外滩源店),722
汤爷港式海鲜火锅,58
313羊庄锡盟真羊·烤全羊(永德路店),191
好骨气火锅(长阳店),682
嗨锅(金山万达店),176
云中鱼云南蒸汽石锅鱼(虹口足球场店),719
蜀大侠火锅(人民广场店),3319
哈尼石锅鱼(永新坊店),4037
黔岭牛庄鲜牛肉火锅(虹井路乐坊店),226
煲宫(五角场店),3512
小三宝火锅(淮海店),7475
正國老火锅(魔都直营店),197
麻十七重庆老麻火锅(徐家汇店),451
辣府(云南南路店),22958
四川香天下火锅(安亭财富广场店),3865
那都不是锅港式打边炉(浦东巴黎春天店),1204
九久日本料理·和牛寿喜烧(1088广场店),5729
熬八年台湾火锅(虹桥天地店),618
青花椒砂锅鱼(开元地中海店),981
滇风来云南蒸汽石锅鱼(悠方店),305
街儿巷小郡肝串串香火锅(人民广场店),423
大龙燚火锅(淮海东路店),633
味觉至上烤鸭火锅,107
大龙燚火锅(天钥桥路店),153
大龍曲火锅(江宁路店),173
火锅先生(虹桥天地店),337
三生小馆,542
老门框爆肚涮肉(锦安东路店),742
德隆楼涮肉,895
川溢香老成都火锅(普陀店),1539
熬八年台湾火锅(南丰城店),1049
辣府(徐汇店),12990
一锅入魂日式火锅(南京东路店),1438
唐府养生锅物料理(浦江生活广场店),1204
重庆高老九火锅(南翔太茂商业广场店),168
琼州黎民海南椰子鸡(日月光中心广场店),47
捞王锅物料理(大融城店),2322
狠牛火锅料理(三德广场店),453
燕归巢猪肚鸡火锅,435
老街小牛火锅串串,216
红料理(龙柏店),822
融诚之·川东大院(大华路店),4679
德庄火锅(物华路店),75
老高家热气涮羊肉&蚝红天虾(板泉路店),1548
那都不是锅港式打边炉(中原城市广场店),58
金聚德果木烤鸭火锅(平利路),384
杨府霸道私房火锅(国定路店),1379
老成都串串香火锅,106
巴四老城区(世茂广场店),305
那都不是锅港式打边炉(川沙店),700
雄帝和老重庆火锅馆(张江绿地缤纷广场店),369
吼爽·重庆火锅(新世界城店),6455
宝燕海货工场·煮海海鲜火锅(春申店),1039
青花椒砂锅鱼(米岛店),7371
老门框爆肚涮肉店(凌河路店),146
渝利火锅(96广场店),9620
诺铂火锅,321
N2U BARBECUE熨斗烤肉(宝山万达金街店),1583
左庭右院鲜牛肉火锅(正大乐城店),39
Mo Mo牧场(金虹桥国际中心店),7279
得億火锅,350
西北郎炭火蛙锅·烧烤(吴江路3店),701
那都不是锅港式打边炉(五角场店),484
四川香天下火锅(昌里路店),141
酸滋味酸汤火锅,179
冰奇羊·冰煮的牦牛肉羊肉(中庚漫游城店),106
荔枝·青年火锅(魔都直营店),156
爸爸炒料牛排老火锅(世纪汇店),78
藻想鱼见你·鲜货鱼火锅(八佰伴店),2239
狠牛火锅料理(宝山亿博店),2091
泰小伙曼谷夜市火锅(金桥国际广场店),3260
半斤八两小郡肝串串香,238
汤伯府·骨汤猪肚鸡(泗泾店),405
辣府(金沙江路店),10602
海底捞火锅(五龙广场店),72
壹小馆·皇城老妈小火锅(凯德星贸店),1341
铜炉湾·潮汕牛肉火锅(世博源店),10558
嗨锅(七宝凯德店),574
四川香天下火锅(大华店),8709
老天桥蛙炉火锅,819
易品轩私房火锅,623
豆捞坊·胶原花胶火锅(浦江店),1769
鱼柜 鱼火锅(农工商牡丹江路店),47
那都不是锅港式打边炉(高桥店),481
花吃菌煮(古北路店),2029
豆捞坊·胶原花胶火锅(江桥万达店),4381
哈尼石锅鱼(人广来福士店),2241
老码头火锅(铜川路店),988
九牛二炉潮汕鲜牛肉火锅(中兴店),5435
樱桃捞火锅(南京西路店),1636
熬八年台湾火锅(富民路店),4896
欲之宴·香焰黑椒牛肉锅,225
牛签签串串香火锅(人广旗舰店),397
红料理|串串有瘾(昌里店),2513
菌府码头牛腩鲜菌火锅(金杨路店),798
好骨气火锅(外高桥店),2432
嗨锅(诺亚新天地店),5699
筑间幸福锅物(万都中心店),325
豆捞坊·胶原花胶火锅(大宁国际商业广场店),1697
东来居港式海鲜火锅 King’s Garden,187
炉得香烤鸭火锅(龙茗路店),1958
齐民市集(衡山路店),2251
煲宫(万体店),5135
麻十七重庆藤椒蛙火锅(南京东路店),4549
左庭右院鲜牛肉火锅(联洋广场店),41
宴羊楼(纳贤店),442
那都不是锅港式打边炉(仙霞店),59
大龙燚火锅(浦东食品城店),2021
本素•酸菜鱼(永靖店),1973
渝火老城区炭火蛙锅(定西路店),1567
小辉哥火锅(大悦城店),281
旬四时五味,479
云蜀哥鲜牛肉美蛙鱼火锅,53
红房串香·小郡肝串串香(仲盛世界店),103
宫幺妹火锅(宝龙广场店),229
焱格格蔬食料理火锅(静安店),2580
今年牛事·潮品全牛火锅(曹杨路店),4061
我在成都等你(云南南路店),3589
京城一锅羊蝎子火锅(阳曲路店),537
四川香天下火锅(天山店),10425
炉得香双层烤鸭火锅(汶水路店),4016
里白花胶鸡汤火锅(金山店),273
左庭右院鲜牛肉火锅(金山万达店),583
乐聚捞火锅·酒馆(罗店上坤店),109
吴老幺火锅(静安店),59
明洞刀面·火锅(虹泉路店),2162
巴实重庆老麻火锅(浦江华侨城店),3221
相逢菌语,132
红料理|串串有瘾(张杨路店),189
云中鱼云南蒸汽石锅鱼(五角场店),495
梅亭自助寿喜锅,1243
臻·老龙口涮肉坊(虹井路店),301
君之濠海鲜火锅,42
重庆大队长火锅,87
金胶玉粤·胶原花胶鸡火锅PHOENIX Hotpot&Bar(龙茗路...,451
钱家·乔老爷铜锅涮肉,1479
渝利火锅(开元地中海店),3194
聚城老北京爆肚涮肉坊,143
觅香稻场火锅小酒窝,443
虾启哄·川江湖,80
香港蛟龙过海,470
井格重庆火锅(龙之梦店),4096
酒寻,286
嗨锅(中山公园店),4664
京三爷老北京铜炉涮锅(中信广场店),2880
丽江印象斑鱼府(七宝宝龙店),1286
四川香天下火锅(吴中路店),3058
捞王锅物料理(金鼎路店),2431
德荣老北京铜锅(物华路店),505
潮牛海记(上海通北路店),4580
皇城根(华宁弘基生活中心店),4410
邂逅丽江·鲜货斑鱼府(松江店),512
潮家牛肉火锅(广灵二路店),2358
313羊庄(宝山万达店),34
巴四老城区炭火蛙锅(大悦城店),1612
罗记火锅(卢湾店),100
壹条锅私房料理(华山花苑店),490
谭记斑鱼庄(东鼎购物中心店),279
辣椒星球串串集合店ChiliChili,1459
大渝火锅(七宝万科店),767
鼎尊锅物料理(五角场店),1520
钢管厂五区小郡肝串串香火锅(南京西路店),504
大渝火锅(五角场万达店),4392
明成缘 帕帕呀(塔城路店),1446
辣府(打浦店),8777
老门框爆肚涮肉(四川北路店),126
重庆镇三关火锅(中海环宇荟店),849
红料理|串串有瘾(梅川店),2283
粮好山黄牛火锅,306
云中鱼云南蒸汽石锅鱼(浦东食品城店),1272
煲宫(龙阳广场店),7375
颐品居热气羊肉馆(乌鲁木齐中路店),2521
青花椒砂锅鱼(长寿路店),4539
重庆高老九火锅(嘉定华润万家店),2598
东来顺(外滩店),4515
蒸嗨啦蒸汽海鲜主题餐厅(浦江城市生活广场店),619
新一哥港式精品火锅(瑞金店),255
宽城子成都市井火锅(宝山路店),2027
小辉哥火锅(世博源店),7832
杨府霸道私房火锅,798
耍串·川味小食研究所(保利时光里店),790
哈尼石锅鱼(近铁城市广场店),455
百素我家酸菜鱼(长宁龙之梦店),4494
红料理|串串有瘾(复旦店),626
老城区炭火蛙锅(疁城新天地店),123
巴顿火锅(泗泾店),1980
三人行骨头王火锅(日月光中心店),539
魔焰美蛙鱼头(龙湖北城天街店),1074
战炉老城区炭火蛙锅,264
小辉哥火锅(龙之梦购物中心虹口店),8015
四川香天下火锅(淮海中路店),10884
古炉火锅·老成都(七宝宝龙店),1838
巴愚人码头文化火锅,276
辣疯乐美蛙鱼头火锅,590
北京五爷涮羊肉(田尚坊商业中心店),3396
牛华八婆火锅串串(玫瑰坊总店),347
麻十七重庆老麻火锅(龙盛国际商业广场店),3319
德荣老北京铜锅(营口路店),724
唐府养生锅物料理(三林店),431
三人行骨头王火锅(徐汇总店),27295
陈记顺河牛肉宴(大宁店),1487
樱花渡火锅,19
青锅花椒鱼·纸包鱼(包头南路店),458
蜀九香(延安西路店),4891
粤品捞猪肚鸡(共康店),759
香港燚丰海鲜火锅,807
肥妈正宗澳门猪骨煲,40
严记老北京涮锅(徐汇店),1250
华虾乡&老北京铜锅涮羊肉(九百店),818
京韵胡同羊蝎子火锅涮肉(长寿路店),6428
老北京涮锅,162
李鸭血重庆老火锅,48
四川香天下火锅(龙阳店),2167
御香海(宋园店),1097
四川香天下火锅(泗泾店),319
大龙燚火锅(长寿店),4649
牛很鲜潮汕牛肉火锅,8950
老长沙跳跳蛙,1532
四川香天下火锅(唐镇店),941
韩膳宫料理(新世界城店),17490
山城辣妹子(汇都店),8310
四川香天下火锅(米岛美食中心店),5694
云南蒸汽石锅鱼(汇阳广场店),741
虹村正宗潮汕打边炉(合川路店),341
骨又几筒骨煲火锅料理,257
重庆牧羊传奇火锅(杨浦新江湾城店),534
四川香天下火锅(延安西路店),6209
老门框爆肚涮肉店(淮海东路店),1824
炊二哥四川火锅(长宁店),1289
吴记鲜定味,2591
四川香天下火锅(川沙店),764
那都不是锅港式打边炉(鹿都商业广场店),307
海道传火锅,5891
舞泽蟹物料理(新世界城店),2301
七婆串串香火锅,378
捞鲜生锅物料理,3524
巴实重庆老麻火锅(虹桥新华联店),1590
豆捞坊·胶原花胶火锅(万达广场松江店),2976
花好月圆宫廷火锅,323
洪员外牛腩火锅(晶品店),2646
巴实重庆老麻火锅(七宝宝龙店),3193
八道湾热气羊肉羊蝎子火锅(三钢里店),8098
重庆巴王府火锅,2644
蜀城巷子老成都火锅(潍坊路店),6479
大龙燚火锅(大木桥路店),2797
禾牛赞寿喜烧,558
贵家炭火烤肉(189弄购物中心店),1638
哈尼石锅鱼(富都广场店),1331
椰子不语(淮海路店),7175
渝利火锅(漕宝路店),571
红料理|串串有瘾(物华路店),2987
七欣天品蟹轩(亿丰时代广场店),966
让签签飞小郡肝串串香(福州路旗舰店),558
一锅入魂日式火锅(徐家汇店),568
握料理,808
销魂美蛙鱼头火锅,425
上渔(龙湖天街店),257
筑间幸福锅物(东明广场店),412
椰庭椰子鸡(徐汇日月光店),1467
熬八年台湾火锅(陆家嘴店),572
陈记顺和牛肉店(浙江南路店),5098
炉得香双层烤鸭火锅(松江店),396
海底捞火锅(南奉公路店),32
大头椰(万象城店),1282
东来顺(爱琴海购物中心店),845
重庆熬家老火锅(金桥太茂店),3478
